SMILES,NAME,b_epik_Metal_Only,b_glide_receptor,b_lp_Chiralities_Consistent,b_ppw_added_hydrogens,b_ppw_assigned_bond_orders,b_ppw_created_disulfur,b_ppw_deleted_far_waters,b_ppw_prepared,b_ppw_ran_impref,b_ppw_ran_protassign,b_ppw_treated_metals,b_sd_chiral_flag,i_epik_Tot_Q,i_epik_Tot_abs_Q,i_f3d_flags,i_glide_grid_version,i_i_glide_confnum,i_i_glide_lignum,i_i_glide_posenum,i_i_glide_rotatable_bonds,i_lp_mmshare_version,i_m_Source_File_Index,i_m_source_file_index,i_pdb_PDB_CRYST1_z,i_psp_model_num,i_sd_version,r_epik_Charging_Adjusted_Penalty,r_epik_Ionization_Penalty,r_epik_Ionization_Penalty_Charging,r_epik_Ionization_Penalty_Neutral,r_epik_Metal_State_Penalty,r_epik_State_Penalty,r_glide_gridbox_ligxrange,r_glide_gridbox_ligyrange,r_glide_gridbox_ligzrange,r_glide_gridbox_xcent,r_glide_gridbox_xrange,r_glide_gridbox_ycent,r_glide_gridbox_yrange,r_glide_gridbox_zcent,r_glide_gridbox_zrange,r_i_Bend_Energy-S-OPLS,r_i_Dihedral_Energy-S-OPLS,r_i_El-14_Energy-S-OPLS,r_i_Electrostatic_Energy-S-OPLS,r_i_LJ-14_Energy-S-OPLS,r_i_Max_Derivative-S-OPLS,r_i_Potential_Energy-S-OPLS,r_i_RMS_Derivative-S-OPLS,r_i_Stretch_Energy-S-OPLS,r_i_Van_der_Waals_Energy-S-OPLS,r_i_docking_score,r_i_glide_ecoul,r_i_glide_eff_state_penalty,r_i_glide_einternal,r_i_glide_emodel,r_i_glide_energy,r_i_glide_erotb,r_i_glide_esite,r_i_glide_evdw,r_i_glide_gscore,r_i_glide_hbond,r_i_glide_ligand_efficiency,r_i_glide_ligand_efficiency_ln,r_i_glide_ligand_efficiency_sa,r_i_glide_lipo,r_i_glide_metal,r_i_glide_rewards,r_i_target_temperature,r_lp_Energy,r_lp_tautomer_probability,r_pdb_PDB_CRYST1_a,r_pdb_PDB_CRYST1_alpha,r_pdb_PDB_CRYST1_b,r_pdb_PDB_CRYST1_beta,r_pdb_PDB_CRYST1_c,r_pdb_PDB_CRYST1_gamma,r_pdb_PDB_EXPDTA_TEMPERATURE,r_pdb_PDB_R,r_pdb_PDB_RESOLUTION,r_pdb_PDB_Rfree,r_psp_IFDScore,r_psp_Prime_Angle_Covalent,r_psp_Prime_Angle_SGB,r_psp_Prime_Bond_Covalent,r_psp_Prime_Bond_SGB,r_psp_Prime_Coulomb,r_psp_Prime_Covalent,r_psp_Prime_Energy,r_psp_Prime_Hbond,r_psp_Prime_Lipo,r_psp_Prime_NB14_Elec,r_psp_Prime_NB14_LJ,r_psp_Prime_NB14_Lipo,r_psp_Prime_NB14_SGB,r_psp_Prime_NBLong_Elec,r_psp_Prime_NBLong_LJ,r_psp_Prime_NBLong_Lipo,r_psp_Prime_NBLong_SGB,r_psp_Prime_NBShort_Elec,r_psp_Prime_NBShort_LJ,r_psp_Prime_NBShort_Lipo,r_psp_Prime_NBShort_SGB,r_psp_Prime_Packing,r_psp_Prime_SelfCont,r_psp_Prime_Self_SGB,r_psp_Prime_Solv_GB,r_psp_Prime_Torsion_Covalent,r_psp_Prime_vdW,s_epik_Chemistry_Notes,s_epik_cmdline,s_epik_input,s_glide_grid_type,s_i_glide_gridfile,s_lp_Force_Field,s_lp_Variant,s_lp_label,s_m_Chain_Name,s_m_Source_File,s_m_Source_Path,s_m_backendhidden_zob_param,s_m_entry_id,s_m_entry_name,s_m_job_name,s_m_source_file,s_pdb_PDB_CLASSIFICATION,s_pdb_PDB_CRYST1_Space_Group,s_pdb_PDB_DEPOSITION_DATE,s_pdb_PDB_EXPDTA,s_pdb_PDB_ID,s_pdb_PDB_REMARK_350_Biomolecule_1_Transform_1_Chains,s_pdb_PDB_REMARK_350_Biomolecule_1_Transform_1_Matrix_1,s_pdb_PDB_REMARK_350_Biomolecule_2_Transform_1_Chains,s_pdb_PDB_REMARK_350_Biomolecule_2_Transform_1_Matrix_1,s_pdb_PDB_TITLE,s_pdb_PDB_format_version,s_phaseifd_glide_redock_method,s_ppw_entry_id_backup,s_ppw_group_name_backup,s_ppw_het_states,s_ppw_prepared_with_version,s_psp_EXECUTE_FUNCTION_Input_Structure_Hash,s_psp_Prime_Energy_Force_Field,s_psp_Prime_Energy_Solvent_Model,s_vsw_compound_code,s_vsw_variant
C[C@@H](O)[C@@H](C=O)NC(=O)[C@H](CCC(=O)N)NC(=O)[C@H](CC(C)C)NC(=O)[C@H](CO)NC(=O)[C@H](CCCC[NH3+])NC(=O)[C@H](Cc1c[nH]c(c12)cccc2)NC(=O)[C@H](Cc3ccccc3)NC(=O)[C@@H]4CCCN4C(=O)[C@H](Cc5ccc(O)cc5)NC(=O)[C@H](CC(C)C)NC(=O)[C@H](CC([O-])=O)NC(=O)[C@H](CO)NC(=O)[C@H]([C@@H](C)CC)NC(=O)[C@H]([C@@H](C)O)NC(=O)[C@H](CCCC[NH3+])NC(=O)[C@H](CO)NC(=O)[C@H]([C@@H](C)CC)NC(=O)[C@H](CO)NC(=O)[C@H](CCCC[NH3+])NC(=O)[C@H](CC(C)C)NC(=O)[C@H](C)NC(=O)[C@H](CO)NC(=O)[C@H](CCC([O-])=O)NC(=O)[C@H](CS)NC(=O)[C@@H]6CCCN6C(=O)[C@H](C)NC(=O)CNC(=O)[C@H](CO)NC(=O)[C@H](CO)NC(=O)[C@@H]7CCCN7C(=O)[C@H](CC(C)C)NC(=O)[C@H](Cc8cnc[nH]8)NC(=O)[C@@H]9CCCN9C(=O)[C@H](CS)NC(=O)[C@@H]1CCCN1C(=O)[C@H](CC([O-])=O)NC(=O)CNC(=O)[C@H](CC(C)C)NC(=O)[C@H](CC(C)C)NC(=O)[C@H](CO)NC(=O)[C@H](CCCNC(N)=[NH2+])NC(=O)[C@H](CCSC)NC(=O)[C@H](CO)NC(=O)[C@H](C)NC(=O)[C@H](CS)NC(=O)[C@H](C(C)C)NC(=O)CNC(=O)[C@H](CCC([O-])=O)NC(=O)[C@H](C)NC(=O)[C@H]([C@@H](C)O)NC(=O)[C@H](CO)NC(=O)[C@H](CCC(=O)N)NC(=O)[C@H](CC(C)C)NC(=O)[C@H](CC(=O)N)NC(=O)[C@H](Cc1ccc(O)cc1)NC(=O)CNC(=O)CNC(=O)[C@H](CCC([O-])=O)NC(=O)[C@H](CC(C)C)NC(=O)[C@H](C)NC(=O)[C@H](CC(C)C)NC(=O)[C@H](C(C)C)NC(=O)[C@H](CC(C)C)NC(=O)[C@H](CCCNC(N)=[NH2+])NC(=O)CNC(=O)[C@H](CCC(=O)N)NC(=O)[C@H](C)NC(=O)[C@H](C(C)C)NC(=O)CNC(=O)[C@H](CCCC[NH3+])NC(=O)[C@H](CC(C)C)NC(=O)[C@H](CCSC)NC(=O)[C@H](Cc1cnc[nH]1)NC(=O)[C@H]([C@@H](C)O)NC(=O)[C@H](CC(C)C)NC(=O)[C@H]([C@@H](C)CC)NC(=O)[C@H](CO)NC(=O)[C@H](Cc1ccccc1)NC(=O)[C@H](CS)NC(=O)[C@H](CCC([O-])=O)NC(=O)[C@@H]1CCCN1C(=O)[C@H](CO)NC(=O)[C@H](C(C)C)NC(=O)[C@H](CCC(=O)N)NC(=O)[C@H](CCSC)NC(=O)CNC(=O)CNC(=O)[C@H](CCCC[NH3+])NC(=O)[C@@H]1CCCN1C(=O)[C@H](CC([O-])=O)NC(=O)CNC(=O)[C@H]([C@@H](C)CC)NC(=O)[C@H](C(C)C)NC(=O)[C@H](C)NC(=O)[C@H](CC([O-])=O)NC(=O)[C@H](Cc1ccccc1)NC(=O)CNC(=O)[C@H](C)NC(=O)[C@H](C)NC(=O)[C@H](C(C)C)NC(=O)[C@H](CC(C)C)NC(=O)[C@H](C(C)C)NC(=O)[C@H](CC(C)C)NC(=O)[C@H](CCC(=O)N)NC(=O)[C@@H]1CCCN1C(=O)[C@H](CCC(=O)N)NC(=O)[C@H](Cc1ccccc1)NC(=O)[C@H](CCC([O-])=O)NC(=O)[C@H](Cc1ccc(O)cc1)NC(=O)[C@H](C)NC(=O)[C@H](C(C)C)NC(=O)[C@@H]1CCCN1C(=O)[C@H](CC(C)C)NC(=O)[C@H](CC(C)C)NC(=O)[C@H](CC(C)C)NC(=O)[C@H](CCC(=O)N)NC(=O)[C@H](CCC(=O)N)NC(=O)[C@H](Cc1ccccc1)NC(=O)[C@H](C)NC(=O)[C@H]([C@@H](C)O)NC(=O)[C@H]([C@@H](C)CC)NC(=O)[C@H](Cc1ccc(O)cc1)NC(=O)[C@H](CC([O-])=O)NC(=O)CNC(=O)[C@H](CO)NC(=O)[C@H](CCC([O-])=O)NC(=O)[C@H](CCSC)NC(=O)CNC(=O)[C@H](C(C)C)NC(=O)[C@H](CCCC[NH3+])NC(=O)[C@H](CC(=O)N)NC(=O)[C@H](Cc1c[nH]c(c12)cccc2)NC(=O)[C@@H]1CCCN1C(=O)[C@H](CC(C)C)NC(=O)[C@H](CC(=O)N)NC(=O)[C@H]([C@@H](C)CC)NC(=O)[C@H](CC(=O)N)NC(=O)[C@H](Cc1ccc(O)cc1)NC(=O)CNC(=O)[C@H](CCC(=O)N)NC(=O)CNC(=O)[C@H](C)NC(=O)CNC(=O)[C@H](CO)NC(=O)CNC(=O)[C@H](C(C)C)NC(=O)[C@H](CO)NC(=O)[C@H](CO)NC(=O)[C@H](CO)NC(=O)[C@H](CC([O-])=O)NC(=O)[C@H](CO)NC(=O)[C@H](CCC([O-])=O)NC(=O)[C@H](CCCC[NH3+])NC(=O)[C@H](CC(C)C)NC(=O)[C@H](Cc1cnc[nH]1)NC(=O)[C@@H]1CCCN1C(=O)[C@H](Cc1c[nH]c(c12)cccc2)NC(=O)[C@H](Cc1ccccc1)NC(=O)[C@H](CO)NC(=O)CNC(=O)[C@H](CC([O-])=O)NC(=O)[C@H](CCC([O-])=O)NC(=O)[C@H](Cc1ccc(O)cc1)NC(=O)[C@H](CCCNC(N)=[NH2+])NC(=O)[C@H](Cc1c[nH]cn1)NC(=O)[C@H](C(C)C)NC(=O)[C@H](CO)NC(=O)[C@H](Cc1ccccc1)NC(=O)[C@H](Cc1ccc(O)cc1)NC(=O)[C@H](CC(C)C)NC(=O)[C@H](C(C)C)NC(=O)[C@H](CO)NC(=O)[C@@H]1CCCN1C(=O)[C@H](CC([O-])=O)NC(=O)[C@H](CCC([O-])=O)NC(=O)[C@H](CCC([O-])=O)NC(=O)[C@H](Cc1ccccc1)NC(=O)[C@H]([C@@H](C)CC)NC(=O)[C@H](Cc1ccc(O)cc1)NC(=O)[C@H](CCC(=O)N)NC(=O)[C@H]([C@@H](C)CC)NC(=O)CNC(=O)[C@H](CCC(=O)N)NC(=O)CNC(=O)[C@H](Cc1c[nH]cn1)NC(=O)[C@H](Cc1c[nH]cn1)NC(=O)[C@H](C(C)C)NC(=O)[C@H](CC([O-])=O)NC(=O)[C@H](Cc1c[nH]c(c12)cccc2)NC(=O)[C@H](CC([O-])=O)NC(=O)[C@H](C(C)C)NC(=O)[C@H]([C@@H](C)CC)NC(=O)[C@H](CC(C)C)NC(=O)[C@H](C(C)C)NC(=O)[C@H](CCCNC(N)=[NH2+])NC(=O)[C@H](CCC(=O)N)NC(=O)[C@H](C(C)C)NC(=O)[C@H](CCCNC(N)=[NH2+])NC(=O)[C@H](Cc1c[nH]cn1)NC(=O)[C@H](CCCNC(N)=[NH2+])NC(=O)[C@H](CCCC[NH3+])NC(=O)[C@H](CCC(=O)N)NC(=O)[C@H](C)NC(=O)[C@H](Cc1ccc(O)cc1)NC(=O)[C@H](CCCNC(N)=[NH2+])NC(=O)[C@H](C)NC(=O)[C@H](C)NC(=O)[C@H]([C@@H](C)CC)NC(=O)[C@H](C)NC(=O)[C@H](CC(C)C)NC(=O)[C@H](CC(=O)N)NC(=O)[C@H](CC(=O)N)NC(=O)[C@H](Cc1ccccc1)NC(=O)[C@H](CCSC)NC(=O)[C@H](CS)NC(=O)[C@H](Cc1ccccc1)NC(=O)CNC(=O)[C@H](CC(=O)N)NC(=O)[C@H](CCSC)NC(=O)[C@H](CCCC[NH3+])NC(=O)[C@H](CC([O-])=O)NC(=O)[C@H](C)NC(=O)[C@H](CCC(=O)N)NC(=O)[C@H](C)NC(=O)[C@H](Cc1cnc[nH]1)NC(=O)[C@H](Cc1cnc[nH]1)NC(=O)CNC(=O)[C@@H]1CCCN1C(=O)[C@@H]1CCCN1C(=O)[C@H](CCCNC(N)=[NH2+])NC(=O)[C@H](CC(=O)N)NC(=O)[C@H]([C@@H](C)CC)NC(=O)[C@H](CO)NC(=O)[C@H](Cc1ccccc1)NC(=O)CNC(=O)[C@H](CC(=O)N)NC(=O)[C@H](CCCNC(N)=[NH2+])NC(=O)[C@H](CC(C)C)NC(=O)[C@H](CCC(=O)N)NC(=O)[C@H](CO)NC(=O)[C@H]([C@@H](C)O)NC(=O)[C@H](CCSC)NC(=O)[C@H](C(C)C)NC(=O)[C@H](CCCC[NH3+])NC(=O)[C@H](CC([O-])=O)NC(=O)[C@H](C(C)C)NC(=O)[C@H](CC(C)C)NC(=O)[C@H](CCC(=O)N)NC(=O)[C@H](CC(C)C)NC(=O)[C@H](C(C)C)NC(=O)[C@H](CO)NC(=O)CNC(=O)[C@H](C(C)C)NC(=O)[C@H](CO)NC(=O)[C@H](CC(C)C)NC(=O)[C@H](CS)NC(=O)[C@H](C)NC(=O)[C@H](CO)NC(=O)[C@H](CO)NC(=O)[C@H](Cc1ccccc1)NC(=O)[C@H](Cc1ccccc1)NC(=O)CNC(=O)[C@@H]1CCCN1C(=O)[C@H](Cc1c[nH]cn1)NC(=O)[C@H](CC(C)C)NC(=O)[C@H](Cc1ccc(O)cc1)NC(=O)[C@H](C(C)C)NC(=O)[C@H](CO)NC(=O)[C@H](CC([O-])=O)NC(=O)[C@H](Cc1ccc(O)cc1)NC(=O)[C@H](CCCC[NH3+])NC(=O)[C@H](CCC([O-])=O)NC(=O)[C@H](C)NC(=O)[C@H](CC(C)C)NC(=O)[C@H]([C@@H](C)O)NC(=O)[C@H](CCCC[NH3+])NC(=O)[C@H](CC(C)C)NC(=O)[C@H](CCC([O-])=O)NC(=O)[C@H](CCC([O-])=O)NC(=O)[C@H](CCC([O-])=O)NC(=O)[C@H]([C@@H](C)O)NC(=O)[C@H](CCSC)NC(=O)[C@H](CC(=O)N)NC(=O)[C@H](CCC(=O)N)NC(=O)[C@H]([C@@H](C)O)NC(=O)[C@H](CO)NC(=O)[C@H](CCCC[NH3+])NC(=O)[C@H](CCSC)NC(=O)[C@H](CC(C)C)NC(=O)[C@H](CCC([O-])=O)NC(=O)[C@H](C(C)C)NC(=O)[C@H](Cc1ccc(O)cc1)NC(=O)[C@H](CCC([O-])=O)NC(=O)[C@H](CCCC[NH3+])NC(=O)[C@H]([C@@H](C)O)NC(=O)[C@H](Cc1cnc[nH]1)NC(=O)[C@H](C(C)C)NC(=O)[C@H](CC(C)C)NC(=O)[C@H](CC(C)C)NC(=O)[C@H](CC(C)C)NC(=O)[C@H](CCC([O-])=O)NC(=O)[C@H](CC([O-])=O)NC(=O)[C@H](CCC([O-])=O)NC(=O)[C@H]([C@@H](C)O)NC(=O)[C@H](C(C)C)NC(=O)[C@H](C)NC(=O)[C@H](CCCNC(N)=[NH2+])NC(=O)[C@H](C)NC(=O)[C@H](CCC([O-])=O)NC(=O)[C@H](C(C)C)NC(=O)[C@H](CCC(=O)N)NC(=O)[C@H](C(C)C)NC(=O)[C@H](CS)NC(=O)[C@H](CCCNC(N)=[NH2+])NC(=O)CNC(=O)[C@H](CC(C)C)NC(=O)[C@H](CC(C)C)NC(=O)CNC(=O)[C@H](CCC([O-])=O)NC(=O)[C@H]([C@@H](C)O)NC(=O)[C@H](CCC([O-])=O)NC(=O)[C@H](CC(C)C)NC(=O)[C@H](CCSC)NC(=O)[C@H](CCC([O-])=O)NC(=O)[C@H](CCSC)NC(=O)[C@H](C(C)C)NC(=O)[C@H]([C@@H](C)O)NC(=O)[C@H](CO)NC(=O)[C@H](C(C)C)NC(=O)[C@H](CCCNC(N)=[NH2+])NC(=O)[C@H](C)NC(=O)[C@@H]1CCCN1C(=O)[C@H](CS)NC(=O)[C@H](CCC([O-])=O)NC(=O)[C@@H]1CCCN1C(=O)[C@H](Cc1c[nH]cn1)NC(=O)[C@H](CO)NC(=O)[C@H](C)NC(=O)[C@H](CC([O-])=O)NC(=O)[C@H](Cc1c[nH]c(c12)cccc2)NC(=O)[C@H](CC(C)C)NC(=O)[C@H](CS)NC(=O)[C@H](Cc1cnc[nH]1)NC(=O)[C@H](Cc1ccccc1)NC(=O)[C@H](CCCNC(N)=[NH2+])NC(=O)[C@H]([C@@H](C)O)NC(=O)[C@H](Cc1ccccc1)NC(=O)[C@H](C)NC(=O)[C@H](CC([O-])=O)NC(=O)[C@H](C(C)C)NC(=O)[C@H](Cc1ccc(O)cc1)NC(=O)[C@H](C(C)C)NC(=O)[C@H](CC(C)C)NC(=O)CNC(=O)[C@H]([C@@H](C)O)NC(=O)CNC(=O)[C@@H](N)[C@@H](C)O.[Zn+2],T3 - preprocessed,,1,1,1,1,1,1,1,1,1,1,1,0,0,0,91117,104,4,43,7,54117,2,,4,0,0,0.0101423530330239,0.0131,0,0.0131,,0.0101,10,10,10,42.1683319251031,27.0657793514261,43.4931161503232,27.0657793514261,47.6604943998453,27.0657793514261,740.226626769291,604.095558132352,665.38172743413,-1902.309935307,1653.15477886933,2.19976282480248,-1652.71912455038,0.0972056314431476,161.194091903251,-3611.57823197195,-10.0234344791845,-26.9284744262695,0.0101,5.00502824783325,-86.3320429539199,-50.9690074920654,0.951035684999166,-0.301726830919471,-24.0405330657959,-10.0335344791845,-0.707540412202018,-0.435801499094979,-2.42375734454569,-1.23936149175068,-0.983536122079482,-2.2799436044757,-1.5097965412172,298,32.289815,,53.03,90,124.261,114.09,55.52,90,100,0.187,1.65,0.222,-779.08433443402,649.394999053315,-8776.36988895776,165.447528858134,22092.3638860081,-11036.1601260787,1980.78568621557,-15381.0159990967,-133.85106431709,-2235.23539475075,10670.0952746133,1601.05984588003,0,-8289.78462349126,334.326501968274,-174.430239169307,0,-297.756015737417,-22040.5819026603,-3486.95737568072,-2235.23539475075,9425.40936739626,-25.6876368346656,-203.266604211678,-15821.1358153672,-1667.27309014932,1165.94315830412,-2060.32776897,"This compound has a N-S or N-O group and may undergo hydrolysis at high or low pH.","J2VwaWtfcHl0aG9uJywgJy1waCcsICc3LjAnLCAnLXRuJywgJzgnLCAnLW1hJywgJzUwMCcsICctaW1hZScsICc8aW5maWxlLm1hZT4nLCAnLW9tYWUnLCAnPG91dGZpbGUubWFlPic=","W09IXVtOSF1DKD1PKWMxW2NIXVtjSF1jKFtjSF1bY0hdMSlbTkhdQyg9TyljMltjSF1bY0hdYyhDKFtDSDNdKShbQ0gzXSlbQ0gzXSlbY0hdW2NIXTI=","glide","hdac6-Ta_rec-1_pv-50-out-gridgen","S-OPLS","T3-1","","A","hdac6-Ta-out.maegz","/home/mlab/schdir/358/workdir/fjb/hdac6-Ta","ewogICAiYW5nbGUiIDogWwogICAgICB7CiAgICAgICAgICJmb3JjZV9jb25zdGFudCIgOiA2MCwKICAgICAgICAgImkiIDogNTQ3MiwKICAgICAgICAgImoiIDogMjY2NywKICAgICAgICAgImsiIDogMjY2NiwKICAgICAgICAgInJlZmVyZW5jZV92YWx1ZSIgOiAxLjkzMDg0MTEwNjExNTQ1OTMKICAgICAgfSwKICAgICAgewogICAgICAgICAiZm9yY2VfY29uc3RhbnQiIDogNjAsCiAgICAgICAgICJpIiA6IDU0NzIsCiAgICAgICAgICJqIiA6IDI2OTUsCiAgICAgICAgICJrIiA6IDI2OTQsCiAgICAgICAgICJyZWZlcmVuY2VfdmFsdWUiIDogMi4zMzkwNTkwODUzODQ1MTc5CiAgICAgIH0sCiAgICAgIHsKICAgICAgICAgImZvcmNlX2NvbnN0YW50IiA6IDYwLAogICAgICAgICAiaSIgOiA1NDcyLAogICAgICAgICAiaiIgOiAyNjk1LAogICAgICAgICAiayIgOiAyNjk3LAogICAgICAgICAicmVmZXJlbmNlX3ZhbHVlIiA6IDIuMTExODE4NjEzNTk3ODU2OQogICAgICB9LAogICAgICB7CiAgICAgICAgICJmb3JjZV9jb25zdGFudCIgOiA2MCwKICAgICAgICAgImkiIDogNTQ3MiwKICAgICAgICAgImoiIDogNDA4NSwKICAgICAgICAgImsiIDogNDA4MywKICAgICAgICAgInJlZmVyZW5jZV92YWx1ZSIgOiAyLjI1NDY2OTM2Mzk5MzM0NTEKICAgICAgfSwKICAgICAgewogICAgICAgICAiZm9yY2VfY29uc3RhbnQiIDogNjAsCiAgICAgICAgICJpIiA6IDI2NjcsCiAgICAgICAgICJqIiA6IDU0NzIsCiAgICAgICAgICJrIiA6IDI2OTUsCiAgICAgICAgICJyZWZlcmVuY2VfdmFsdWUiIDogMS43MjkxNTQzMTkzNTc3MDQ4CiAgICAgIH0sCiAgICAgIHsKICAgICAgICAgImZvcmNlX2NvbnN0YW50IiA6IDYwLAogICAgICAgICAiaSIgOiAyNjY3LAogICAgICAgICAiaiIgOiA1NDcyLAogICAgICAgICAiayIgOiA0MDg1LAogICAgICAgICAicmVmZXJlbmNlX3ZhbHVlIiA6IDEuODk5NDMzMjgyMjcxMDIyMwogICAgICB9LAogICAgICB7CiAgICAgICAgICJmb3JjZV9jb25zdGFudCIgOiA2MCwKICAgICAgICAgImkiIDogMjY2NywKICAgICAgICAgImoiIDogNTQ3MiwKICAgICAgICAgImsiIDogNTQ3MywKICAgICAgICAgInJlZmVyZW5jZV92YWx1ZSIgOiAxLjYyMzg5MTIzNDQ3MTA1MjEKICAgICAgfSwKICAgICAgewogICAgICAgICAiZm9yY2VfY29uc3RhbnQiIDogNjAsCiAgICAgICAgICJpIiA6IDI2OTUsCiAgICAgICAgICJqIiA6IDU0NzIsCiAgICAgICAgICJrIiA6IDQwODUsCiAgICAgICAgICJyZWZlcmVuY2VfdmFsdWUiIDogMS42ODAyNzY0NTYyNDk2NjM5CiAgICAgIH0sCiAgICAgIHsKICAgICAgICAgImZvcmNlX2NvbnN0YW50IiA6IDYwLAogICAgICAgICAiaSIgOiAyNjk1LAogICAgICAgICAiaiIgOiA1NDcyLAogICAgICAgICAiayIgOiA1NDczLAogICAgICAgICAicmVmZXJlbmNlX3ZhbHVlIiA6IDIuMDAwMDQwNTU0OTg4NzIxNQogICAgICB9LAogICAgICB7CiAgICAgICAgICJmb3JjZV9jb25zdGFudCIgOiA2MCwKICAgICAgICAgImkiIDogMjY5NSwKICAgICAgICAgImoiIDogNTQ3MiwKICAgICAgICAgImsiIDogNTQ3NCwKICAgICAgICAgInJlZmVyZW5jZV92YWx1ZSIgOiAxLjM5MjYyMzkxNzA1MzI5ODQKICAgICAgfSwKICAgICAgewogICAgICAgICAiZm9yY2VfY29uc3RhbnQiIDogNjAsCiAgICAgICAgICJpIiA6IDQwODUsCiAgICAgICAgICJqIiA6IDU0NzIsCiAgICAgICAgICJrIiA6IDU0NzMsCiAgICAgICAgICJyZWZlcmVuY2VfdmFsdWUiIDogMi40MjQzMDEzMjgyNTE1MDUzCiAgICAgIH0sCiAgICAgIHsKICAgICAgICAgImZvcmNlX2NvbnN0YW50IiA6IDYwLAogICAgICAgICAiaSIgOiA0MDg1LAogICAgICAgICAiaiIgOiA1NDcyLAogICAgICAgICAiayIgOiA1NDc0LAogICAgICAgICAicmVmZXJlbmNlX3ZhbHVlIiA6IDEuNDczODgyMTMwNzExNzY2MgogICAgICB9LAogICAgICB7CiAgICAgICAgICJmb3JjZV9jb25zdGFudCIgOiA2MCwKICAgICAgICAgImkiIDogNTQ3NCwKICAgICAgICAgImoiIDogNTQ3MiwKICAgICAgICAgImsiIDogNTQ3MywKICAgICAgICAgInJlZmVyZW5jZV92YWx1ZSIgOiAxLjMyMDYxMDI0ODgwNDU0NjQKICAgICAgfSwKICAgICAgewogICAgICAgICAiZm9yY2VfY29uc3RhbnQiIDogNjAsCiAgICAgICAgICJpIiA6IDU0NzIsCiAgICAgICAgICJqIiA6IDU0NzMsCiAgICAgICAgICJrIiA6IDU0NzYsCiAgICAgICAgICJyZWZlcmVuY2VfdmFsdWUiIDogMi4wNDE5NTI3ODk5MjY4NDU1CiAgICAgIH0sCiAgICAgIHsKICAgICAgICAgImZvcmNlX2NvbnN0YW50IiA6IDAsCiAgICAgICAgICJpIiA6IDU0NzIsCiAgICAgICAgICJqIiA6IDU0NzMsCiAgICAgICAgICJrIiA6IDU0OTUsCiAgICAgICAgICJyZWZlcmVuY2VfdmFsdWUiIDogMi4zNDg0NDE5NjcyNzEwNjcKICAgICAgfSwKICAgICAgewogICAgICAgICAiZm9yY2VfY29uc3RhbnQiIDogNjAsCiAgICAgICAgICJpIiA6IDU0NzIsCiAgICAgICAgICJqIiA6IDU0NzQsCiAgICAgICAgICJrIiA6IDU0OTAsCiAgICAgICAgICJyZWZlcmVuY2VfdmFsdWUiIDogMS42NTM1NDAwNjIzOTcyOTQKICAgICAgfSwKICAgICAgewogICAgICAgICAiZm9yY2VfY29uc3RhbnQiIDogMCwKICAgICAgICAgImkiIDogNTQ3MiwKICAgICAgICAgImoiIDogNTQ3NCwKICAgICAgICAgImsiIDogNTQ5NiwKICAgICAgICAgInJlZmVyZW5jZV92YWx1ZSIgOiAyLjQ2NTY4NDM2Mzc0OTQxMzcKICAgICAgfQogICBdLAogICAiYm9uZCIgOiBbCiAgICAgIHsKICAgICAgICAgImZvcmNlX2NvbnN0YW50IiA6IDMwMCwKICAgICAgICAgImkiIDogMjY2NywKICAgICAgICAgImoiIDogNTQ3MiwKICAgICAgICAgInJlZmVyZW5jZV92YWx1ZSIgOiAyLjA4MDA5NjMzODM2NzI4ODYKICAgICAgfSwKICAgICAgewogICAgICAgICAiZm9yY2VfY29uc3RhbnQiIDogMzAwLAogICAgICAgICAiaSIgOiAyNjk1LAogICAgICAgICAiaiIgOiA1NDcyLAogICAgICAgICAicmVmZXJlbmNlX3ZhbHVlIiA6IDIuMTE3MDQ1OTk4NTMzMTA0MwogICAgICB9LAogICAgICB7CiAgICAgICAgICJmb3JjZV9jb25zdGFudCIgOiAzMDAsCiAgICAgICAgICJpIiA6IDQwODUsCiAgICAgICAgICJqIiA6IDU0NzIsCiAgICAgICAgICJyZWZlcmVuY2VfdmFsdWUiIDogMi4xMTg2Mzk5OTg5MzU4NzQ4CiAgICAgIH0sCiAgICAgIHsKICAgICAgICAgImZvcmNlX2NvbnN0YW50IiA6IDMwMCwKICAgICAgICAgImkiIDogNTQ3MiwKICAgICAgICAgImoiIDogNTQ3MywKICAgICAgICAgInJlZmVyZW5jZV92YWx1ZSIgOiAxLjg4MjYxMzY0OTc2MTY3NQogICAgICB9LAogICAgICB7CiAgICAgICAgICJmb3JjZV9jb25zdGFudCIgOiAzMDAsCiAgICAgICAgICJpIiA6IDU0NzIsCiAgICAgICAgICJqIiA6IDU0NzQsCiAgICAgICAgICJyZWZlcmVuY2VfdmFsdWUiIDogMi4zODY5Mzg2MDM5OTg0MzM3CiAgICAgIH0KICAgXQp9Cg==","705","ONC(C1=CC=C(NC(C2=CC=C(C(C)(C)C)C=C2)=O)C=C1)=O","ligprep_24","","HYDROLASE","P 1 21 1","14-OCT-19","X-RAY DIFFRACTION","6UO2","A","1.000000 0.000000 0.000000   0.000000;0.000000 1.000000 0.000000   0.000000;0.000000 0.000000 1.000000   0.000000","B","1.000000 0.000000 0.000000   0.000000;0.000000 1.000000 0.000000   0.000000;0.000000 0.000000 1.000000   0.000000","CRYSTAL STRUCTURE OF DANIO RERIO HISTONE DEACETYLASE 6 CATALYTIC DOMAIN 1 (CD1) COMPLEXED WITH TRICHOSTATIN A","3.30","confgen","641","00004_T3","eJztlLFOw0AQRH/ldC1JuF1s59bpqGgoEGWUwgquMA4SpkBR/p1br5U5R6SmiaVIo3V0430z9tGTr902XVwV1cLxbrdw2/QLq7Bwx9Mk/OvQDK37bPumG35qHQb3vm+6+49Dt3FPy8dD/+b2h+9+SDc37qV2d+z1LM/T+WWxLtJpenySJWQFuYaMkHKWMUASJEM+QMItwi3CLcItwi3CTeAmcBO4CdwEbgI3Gd1UT+vb5gQItj8BhVGYDWTM5UzIHCgfKC0GOGNGwGfkGBCNH+UD3YDA1rASCBvc2UD3Z4A3NpQPNARGHhYFIRULhJGNxUL5QLInHbfVtOYDuRhocoTk7MEYSRnCseupyRTIqs4riSJ/tp2utp3Htgc/pjzFvMwSvtX8VvP/rzmvCiq15l4T8trpBFxS6Sm1O8aAK/3LP7dD07mvy9egvP7Rt9dgSemjf/oF/Cdi8Q==","2021-2","fccf7ca578847b30608085b8dca4cfc89409fb4b098c93a71ddf3a59","OPLS_2005","VSGB2.0","",""
ONC(=O)CCCCCC[C@H](C)OC,11,0,,1,,,,,,,,,,0,0,0,,49,19,81,10,64132,,12,,,,0,0.0036,0,0.0036,1.1331,-0,,,,,,,,,,,,,,,,,,,,-4.96249537996778,-20.8971595683364,,4.96110343933105,-81.8796539306641,-41.150452674053,6.35846809751905,-0.2,-20.2532931057167,-4.96249537996778,-0.557709620204942,-0.354463955711984,-1.36367606511229,-0.854308560036667,-2.05124841826076,-2.3,-2.06476684848485,,14.119012,1,,,,,,,,,,,,,,,,,,,,,,,,,,,,,,,,,,,,,,,"This compound has a N-S or N-O group and may undergo hydrolysis at high or low pH.","J2VwaWtfcHl0aG9uJywgJy1waCcsICc3LjAwMDAwMCcsICctcGh0JywgJzIuMDAwMDAwJywgJy1tcycsICcxNicsICctdG4nLCAnOCcsICctbWEnLCAnMjAwJywgJy1tZXRhbF9iaW5kaW5nJywgJy1pbWFlJywgJzxpbmZpbGUubWFlPicsICctb21hZScsICc8b3V0ZmlsZS5tYWU+Jw==","W0NIM11PW0NASF0oW0NIM10pW0NIMl1bQ0gyXVtDSDJdW0NIMl1bQ0gyXVtDSDJdQyg9TylbTkhdW09IXQ==","","grid","OPLS_2005","11-2","12_sdstereoexpander_1_neutralizer_1_epik_1_stereoizer_2","","","","","","","","vsw_run-LIGPREP-001-in.maegz","","","","","","","","","","","","","","","","","","","","12","12-2"
CNC(=O)CCCCCC[C@@H](C)OC,0,0,,1,,,,,,,,,,0,0,0,,191,2,225,9,64132,,1,,,,0,0,0,0,-0,-0,,,,,,,,,,,,,,,,,,,,-4.14188010020193,-9.59101207574825,,2.8605055809021,-69.5857772827148,-38.7310128523908,5.65496951982956,-0.179172533325517,-29.1400007766426,-4.14188010020193,-0.55052210199298,-0.295848578585852,-1.13817390742779,-0.71303716241868,-2.05985775298113,-2.03427207374253,-2.07737330779497,,2.968842,1,,,,,,,,,,,,,,,,,,,,,,,,,,,,,,,,,,,,,,,"","J2VwaWtfcHl0aG9uJywgJy1waCcsICc3LjAwMDAwMCcsICctcGh0JywgJzIuMDAwMDAwJywgJy1tcycsICcxNicsICctdG4nLCAnOCcsICctbWEnLCAnMjAwJywgJy1tZXRhbF9iaW5kaW5nJywgJy1pbWFlJywgJzxpbmZpbGUubWFlPicsICctb21hZScsICc8b3V0ZmlsZS5tYWU+Jw==","W0NIM11bTkhdQyg9TylbQ0gyXVtDSDJdW0NIMl1bQ0gyXVtDSDJdW0NIMl1bQ0BIXShbQ0gzXSlPW0NIM10=","","grid","OPLS_2005","0-2","1_sdstereoexpander_1_neutralizer_1_epik_1_stereoizer_2","","","","","","","","vsw_run-LIGPREP-001-in.maegz","","","","","","","","","","","","","","","","","","","","1","1-2"
COC(=O)CCCCCCCC[NH2+][O-],16,0,,1,,,,,,,,,,0,2,0,,88,27,246,10,64132,,17,,,,0.810889914793387,0.0226,0.0226,0,0.7882,0.7882,,,,,,,,,,,,,,,,,,,,-3.84090551398952,-19.8502752123372,,5.30406618118286,-84.1993408203125,-40.2282735127452,6.35846809751905,-0.1,-20.377998300408,-3.84090551398952,-0.283330358252143,-0.274350393856394,-1.05546716253454,-0.661223478844748,-1.43496090725423,-2.3,-2.08464114913122,,2.959529,,,,,,,,,,,,,,,,,,,,,,,,,,,,,,,,,,,,,,,,"This compound has an ester and may undergo hydrolysis at high or low pH.","J2VwaWtfcHl0aG9uJywgJy1waCcsICc3LjAwMDAwMCcsICctcGh0JywgJzIuMDAwMDAwJywgJy1tcycsICcxNicsICctdG4nLCAnOCcsICctbWEnLCAnMjAwJywgJy1tZXRhbF9iaW5kaW5nJywgJy1pbWFlJywgJzxpbmZpbGUubWFlPicsICctb21hZScsICc8b3V0ZmlsZS5tYWU+Jw==","W0NIM11PQyg9TylbQ0gyXVtDSDJdW0NIMl1bQ0gyXVtDSDJdW0NIMl1bQ0gyXVtDSDJdW05IXVtPSF0=","","grid","OPLS_2005","16-2","17_sdstereoexpander_1_neutralizer_1_epik_2_stereoizer_1","","","","","","","","vsw_run-LIGPREP-001-in.maegz","","","","","","","","","","","","","","","","","","","","17","17-2"
CN[C@H](C=O)CCCCCCCOC,2,0,,1,,,,,,,,,,0,0,0,,32,7,163,10,64132,,3,,,,0.707242529764296,0.7072,0,0.7072,0.7072,0.7072,,,,,,,,,,,,,,,,,,,,-3.79635214270902,-13.2584519016334,,10.2568168640137,-58.953742980957,-33.721537027247,5.65496951982956,-0.0744608928744875,-20.4630851256137,-3.79635214270902,-0.646862661105405,-0.271168010193501,-1.04322405470605,-0.653553481484735,-1.38152483976027,-2.3,-2.03655122727273,,10.124408,0.99990000499975,,,,,,,,,,,,,,,,,,,,,,,,,,,,,,,,,,,,,,,"","J2VwaWtfcHl0aG9uJywgJy1waCcsICc3LjAwMDAwMCcsICctcGh0JywgJzIuMDAwMDAwJywgJy1tcycsICcxNicsICctdG4nLCAnOCcsICctbWEnLCAnMjAwJywgJy1tZXRhbF9iaW5kaW5nJywgJy1pbWFlJywgJzxpbmZpbGUubWFlPicsICctb21hZScsICc8b3V0ZmlsZS5tYWU+Jw==","W0NIM11bTkhdW0NASF0oW0NIXT1PKVtDSDJdW0NIMl1bQ0gyXVtDSDJdW0NIMl1bQ0gyXVtDSDJdT1tDSDNd","","grid","OPLS_2005","2-3","3_sdstereoexpander_1_neutralizer_1_epik_2_stereoizer_1","","","","","","","","vsw_run-LIGPREP-001-in.maegz","","","","","","","","","","","","","","","","","","","","3","3-3"
CNC(=O)CCCCCC(=O)OCC,3,0,,1,,,,,,,,,,0,0,0,,183,9,147,9,64132,,4,,,,0,0,0,0,-0,-0,,,,,,,,,,,,,,,,,,,,-3.56745655164292,-11.7373366571078,,6.26752710342407,-72.3923797607422,-40.3185676947954,5.65698784321791,-0.192462353802915,-28.5812310376876,-3.56745655164292,-0.29856655972422,-0.254818325117351,-0.980324361094935,-0.614148414511415,-1.10690861270133,-2.3,-2.13684481818182,,1.167093,1,,,,,,,,,,,,,,,,,,,,,,,,,,,,,,,,,,,,,,,"This compound has an ester and may undergo hydrolysis at high or low pH.","J2VwaWtfcHl0aG9uJywgJy1waCcsICc3LjAwMDAwMCcsICctcGh0JywgJzIuMDAwMDAwJywgJy1tcycsICcxNicsICctdG4nLCAnOCcsICctbWEnLCAnMjAwJywgJy1tZXRhbF9iaW5kaW5nJywgJy1pbWFlJywgJzxpbmZpbGUubWFlPicsICctb21hZScsICc8b3V0ZmlsZS5tYWU+Jw==","W0NIM11bQ0gyXU9DKD1PKVtDSDJdW0NIMl1bQ0gyXVtDSDJdW0NIMl1DKD1PKVtOSF1bQ0gzXQ==","","grid","OPLS_2005","3-1","4_sdstereoexpander_1_neutralizer_1_epik_1_stereoizer_1","","","","","","","","vsw_run-LIGPREP-001-in.maegz","","","","","","","","","","","","","","","","","","","","4","4-1"
CNC(=O)CCCCCC(=O)OCC,18,0,,1,,,,,,,,,,0,0,0,,183,29,147,9,64132,,19,,,,0,0,0,0,-0,-0,,,,,,,,,,,,,,,,,,,,-3.56745655164292,-11.7373366571078,,6.26752710342407,-72.3923797607422,-40.3185676947954,5.65698784321791,-0.192462353802915,-28.5812310376876,-3.56745655164292,-0.29856655972422,-0.254818325117351,-0.980324361094935,-0.614148414511415,-1.10690861270133,-2.3,-2.13684481818182,,1.167093,1,,,,,,,,,,,,,,,,,,,,,,,,,,,,,,,,,,,,,,,"This compound has an ester and may undergo hydrolysis at high or low pH.","J2VwaWtfcHl0aG9uJywgJy1waCcsICc3LjAwMDAwMCcsICctcGh0JywgJzIuMDAwMDAwJywgJy1tcycsICcxNicsICctdG4nLCAnOCcsICctbWEnLCAnMjAwJywgJy1tZXRhbF9iaW5kaW5nJywgJy1pbWFlJywgJzxpbmZpbGUubWFlPicsICctb21hZScsICc8b3V0ZmlsZS5tYWU+Jw==","W0NIM11bQ0gyXU9DKD1PKVtDSDJdW0NIMl1bQ0gyXVtDSDJdW0NIMl1DKD1PKVtOSF1bQ0gzXQ==","","grid","OPLS_2005","18-1","19_sdstereoexpander_1_neutralizer_1_epik_1_stereoizer_1","","","","","","","","vsw_run-LIGPREP-001-in.maegz","","","","","","","","","","","","","","","","","","","","19","19-1"
CNC(=O)CCCCCCC(=O)OCC,17,0,,1,,,,,,,,,,0,0,0,,277,28,102,10,64132,,18,,,,0,0,0,0,-0,-0,,,,,,,,,,,,,,,,,,,,-3.53270610676357,-9.82414632147065,,2.20137166976929,-74.9173431396484,-41.0875262571893,5.7750301145082,-0.178121009872203,-31.2633799357187,-3.53270610676357,-0.564286536697398,-0.235513740450905,-0.952712588873117,-0.58082682984645,-1.37461641339698,-2.13081269943877,-2.02310861685989,,2.26233,1,,,,,,,,,,,,,,,,,,,,,,,,,,,,,,,,,,,,,,,"This compound has an ester and may undergo hydrolysis at high or low pH.","J2VwaWtfcHl0aG9uJywgJy1waCcsICc3LjAwMDAwMCcsICctcGh0JywgJzIuMDAwMDAwJywgJy1tcycsICcxNicsICctdG4nLCAnOCcsICctbWEnLCAnMjAwJywgJy1tZXRhbF9iaW5kaW5nJywgJy1pbWFlJywgJzxpbmZpbGUubWFlPicsICctb21hZScsICc8b3V0ZmlsZS5tYWU+Jw==","W0NIM11bQ0gyXU9DKD1PKVtDSDJdW0NIMl1bQ0gyXVtDSDJdW0NIMl1bQ0gyXUMoPU8pW05IXVtDSDNd","","grid","OPLS_2005","17-1","18_sdstereoexpander_1_neutralizer_1_epik_1_stereoizer_1","","","","","","","","vsw_run-LIGPREP-001-in.maegz","","","","","","","","","","","","","","","","","","","","18","18-1"
CCCCCC(=O)C[C@H](C)[NH2+]CCO,4,0,,1,,,,,,,,,,1,1,0,,207,10,309,10,64132,,5,,,,0.0069591531087223,0.0035,0.0035,0,-0,0.0035,,,,,,,,,,,,,,,,,,,,-3.4510388650951,-13.000611670155,,8.14917659759521,-70.2716217041016,-37.0082472946782,6.40918386497403,-0.0688950371242608,-24.0076356245232,-3.4510388650951,-0.310881779201111,-0.246502776078221,-0.94833319525086,-0.594106758340017,-1.92626054581022,-2.3,-2.10371183618413,,5.455494,0.999999960000001,,,,,,,,,,,,,,,,,,,,,,,,,,,,,,,,,,,,,,,"","J2VwaWtfcHl0aG9uJywgJy1waCcsICc3LjAwMDAwMCcsICctcGh0JywgJzIuMDAwMDAwJywgJy1tcycsICcxNicsICctdG4nLCAnOCcsICctbWEnLCAnMjAwJywgJy1tZXRhbF9iaW5kaW5nJywgJy1pbWFlJywgJzxpbmZpbGUubWFlPicsICctb21hZScsICc8b3V0ZmlsZS5tYWU+Jw==","W0NIM11bQ0gyXVtDSDJdW0NIMl1bQ0gyXUMoPU8pW0NIMl1bQ0BIXShbQ0gzXSlbTkhdW0NIMl1bQ0gyXVtPSF0=","","grid","OPLS_2005","4-1","5_sdstereoexpander_1_neutralizer_1_epik_1_stereoizer_1","","","","","","","","vsw_run-LIGPREP-001-in.maegz","","","","","","","","","","","","","","","","","","","","5","5-1"
CCCCCC(=O)OCCCNC=O,13,0,,1,,,,,,,,,,0,0,0,,152,23,58,10,64132,,14,,,,0,0,0,0,-0,-0,,,,,,,,,,,,,,,,,,,,-3.33614101097054,-12.7241384912408,,11.0319814682007,-71.5950927734375,-40.9856355819827,6.46512896367762,-0.243480376103865,-28.2614970907419,-3.33614101097054,-0.469051245411355,-0.238295786497895,-0.916759673946453,-0.574326745908228,-1.4301979067279,-2.3,-2.03684481818182,,1.22099,1,,,,,,,,,,,,,,,,,,,,,,,,,,,,,,,,,,,,,,,"This compound has an ester and may undergo hydrolysis at high or low pH.","J2VwaWtfcHl0aG9uJywgJy1waCcsICc3LjAwMDAwMCcsICctcGh0JywgJzIuMDAwMDAwJywgJy1tcycsICcxNicsICctdG4nLCAnOCcsICctbWEnLCAnMjAwJywgJy1tZXRhbF9iaW5kaW5nJywgJy1pbWFlJywgJzxpbmZpbGUubWFlPicsICctb21hZScsICc8b3V0ZmlsZS5tYWU+Jw==","W0NIM11bQ0gyXVtDSDJdW0NIMl1bQ0gyXUMoPU8pT1tDSDJdW0NIMl1bQ0gyXVtOSF1bQ0hdPU8=","","grid","OPLS_2005","13-1","14_sdstereoexpander_1_neutralizer_1_epik_1_stereoizer_1","","","","","","","","vsw_run-LIGPREP-001-in.maegz","","","","","","","","","","","","","","","","","","","","14","14-1"
CO[C@@H](O)CCCCCCCC[NH2+]C,19,0,,1,,,,,,,,,,1,1,0,,140,30,12,11,64132,,20,,,,0.000194272677010205,0.0002,0.0002,0,-0,-0,,,,,,,,,,,,,,,,,,,,-3.25305700083481,-14.8251006231906,,10.7623920440674,-76.1438446044922,-37.0876543316468,6.30391639763656,-0.1,-22.2625537084562,-3.25305700083481,-0.22104343836998,-0.232361214345344,-0.893928483720465,-0.560023582756148,-1.64812118252748,-2.23498172594524,-2.01593427272727,,-0.249666,1,,,,,,,,,,,,,,,,,,,,,,,,,,,,,,,,,,,,,,,"This compound contains an acetal/aminal-like group ( X-CH(R)-Y where X, Y are N, S, or O) that may be acid/base labile, releasing an aldehyde.","J2VwaWtfcHl0aG9uJywgJy1waCcsICc3LjAwMDAwMCcsICctcGh0JywgJzIuMDAwMDAwJywgJy1tcycsICcxNicsICctdG4nLCAnOCcsICctbWEnLCAnMjAwJywgJy1tZXRhbF9iaW5kaW5nJywgJy1pbWFlJywgJzxpbmZpbGUubWFlPicsICctb21hZScsICc8b3V0ZmlsZS5tYWU+Jw==","W0NIM11bTkhdW0NIMl1bQ0gyXVtDSDJdW0NIMl1bQ0gyXVtDSDJdW0NIMl1bQ0gyXVtDQEhdKFtPSF0pT1tDSDNd","","grid","OPLS_2005","19-1","20_sdstereoexpander_1_neutralizer_1_epik_1_stereoizer_1","","","","","","","","vsw_run-LIGPREP-001-in.maegz","","","","","","","","","","","","","","","","","","","","20","20-1"
O=CNCCC(=O)CCCCC,10,0,,1,,,,,,,,,,0,0,0,,36,17,2,8,64132,,11,,,,0,0,0,0,-0,-0,,,,,,,,,,,,,,,,,,,,-3.10179704499301,-11.5502554656904,,6.02470922470093,-67.1987686157227,-38.0162068251193,6.32997067154962,-0.185015259740906,-26.4659513594289,-3.10179704499301,-0.32,-0.25848308708275,-0.890066035249954,-0.591778541995384,-1.3293491598858,-2.3,-2.24156740909091,,1.101212,1,,,,,,,,,,,,,,,,,,,,,,,,,,,,,,,,,,,,,,,"","J2VwaWtfcHl0aG9uJywgJy1waCcsICc3LjAwMDAwMCcsICctcGh0JywgJzIuMDAwMDAwJywgJy1tcycsICcxNicsICctdG4nLCAnOCcsICctbWEnLCAnMjAwJywgJy1tZXRhbF9iaW5kaW5nJywgJy1pbWFlJywgJzxpbmZpbGUubWFlPicsICctb21hZScsICc8b3V0ZmlsZS5tYWU+Jw==","W0NIM11bQ0gyXVtDSDJdW0NIMl1bQ0gyXUMoPU8pW0NIMl1bQ0gyXVtOSF1bQ0hdPU8=","","grid","OPLS_2005","10-1","11_sdstereoexpander_1_neutralizer_1_epik_1_stereoizer_1","","","","","","","","vsw_run-LIGPREP-001-in.maegz","","","","","","","","","","","","","","","","","","","","11","11-1"
COC(=O)CNCCCCCCCCC,20,0,,1,,,,,,,,,,0,0,0,,277,32,215,11,64132,,21,,,,0.702563438863864,0.7026,0,0.7026,0.7026,0.7026,,,,,,,,,,,,,,,,,,,,-2.81526360740856,-7.69769739491528,,7.46638441085815,-60.9900970458984,-37.7647758487413,6.49472268902294,-0.1,-30.067078453826,-2.81526360740856,-0.144675545467587,-0.187684240493904,-0.759230176164208,-0.462869139649785,-2.25808472677631,-2.15830203771354,-1.99091545454545,,5.410836,,,,,,,,,,,,,,,,,,,,,,,,,,,,,,,,,,,,,,,,"This compound has an ester and may undergo hydrolysis at high or low pH.","J2VwaWtfcHl0aG9uJywgJy1waCcsICc3LjAwMDAwMCcsICctcGh0JywgJzIuMDAwMDAwJywgJy1tcycsICcxNicsICctdG4nLCAnOCcsICctbWEnLCAnMjAwJywgJy1tZXRhbF9iaW5kaW5nJywgJy1pbWFlJywgJzxpbmZpbGUubWFlPicsICctb21hZScsICc8b3V0ZmlsZS5tYWU+Jw==","W0NIM11bQ0gyXVtDSDJdW0NIMl1bQ0gyXVtDSDJdW0NIMl1bQ0gyXVtDSDJdW05IXVtDSDJdQyg9TylPW0NIM10=","","grid","OPLS_2005","20-2","21_sdstereoexpander_1_neutralizer_1_epik_2_stereoizer_1","","","","","","","","vsw_run-LIGPREP-001-in.maegz","","","","","","","","","","","","","","","","","","","","21","21-2"
CCCCCC(=O)CC(=O)CCCC,8,0,,1,,,,,,,,,,0,0,0,,39,15,245,9,64132,,9,,,,0.00133759763792705,0.0013,0,0.0013,-0,0.0013,,,,,,,,,,,,,,,,,,,,-2.74886330903461,-9.60375623587029,,6.17288255691528,-61.1326370239258,-35.8492517320191,5.79844174152622,-0.1,-26.2454954961488,-2.74886330903461,-0.41372200348608,-0.196347379216758,-0.755377852023353,-0.47322511669406,-1.53501310799287,-1.68869909253027,-2.05703263636364,,3.775956,0.999901591266813,,,,,,,,,,,,,,,,,,,,,,,,,,,,,,,,,,,,,,,"","J2VwaWtfcHl0aG9uJywgJy1waCcsICc3LjAwMDAwMCcsICctcGh0JywgJzIuMDAwMDAwJywgJy1tcycsICcxNicsICctdG4nLCAnOCcsICctbWEnLCAnMjAwJywgJy1tZXRhbF9iaW5kaW5nJywgJy1pbWFlJywgJzxpbmZpbGUubWFlPicsICctb21hZScsICc8b3V0ZmlsZS5tYWU+Jw==","W0NIM11bQ0gyXVtDSDJdW0NIMl1bQ0gyXUMoPU8pW0NIMl1DKD1PKVtDSDJdW0NIMl1bQ0gyXVtDSDNd","","grid","OPLS_2005","8-1","9_sdstereoexpander_1_neutralizer_1_epik_1_stereoizer_1","","","","","","","","vsw_run-LIGPREP-001-in.maegz","","","","","","","","","","","","","","","","","","","","9","9-1"
CCC(=O)CCCCCC[C@H](C)OO,1,0,,1,,,,,,,,,,0,0,0,,120,3,290,10,64132,,2,,,,0,0,0,0,-0,-0,,,,,,,,,,,,,,,,,,,,-2.6182588190096,-8.74455946207008,,4.8701434135437,-61.8423881530762,-33.567963067366,6.41040979835418,0,-24.8234036052959,-2.6182588190096,-0.32,-0.187018487072114,-0.71948820308539,-0.450741159478101,-1.82597756324301,-2.3,-2.02983695454546,,0.6029,1,,,,,,,,,,,,,,,,,,,,,,,,,,,,,,,,,,,,,,,"","J2VwaWtfcHl0aG9uJywgJy1waCcsICc3LjAwMDAwMCcsICctcGh0JywgJzIuMDAwMDAwJywgJy1tcycsICcxNicsICctdG4nLCAnOCcsICctbWEnLCAnMjAwJywgJy1tZXRhbF9iaW5kaW5nJywgJy1pbWFlJywgJzxpbmZpbGUubWFlPicsICctb21hZScsICc8b3V0ZmlsZS5tYWU+Jw==","W0NIM11bQ0gyXUMoPU8pW0NIMl1bQ0gyXVtDSDJdW0NIMl1bQ0gyXVtDSDJdW0NASF0oW0NIM10pT1tPSF0=","","grid","OPLS_2005","1-1","2_sdstereoexpander_1_neutralizer_1_epik_1_stereoizer_1","","","","","","","","vsw_run-LIGPREP-001-in.maegz","","","","","","","","","","","","","","","","","","","","2","2-1"
O=CCCCC(=O)CCCCC,15,0,,1,,,,,,,,,,0,0,0,,8,25,226,8,64132,,16,,,,0,0,0,0,-0,-0,,,,,,,,,,,,,,,,,,,,-2.48156455081303,-10.5777481218917,,7.00857353210449,-56.2978324890137,-32.5304892413438,6.38998486295462,-0.1,-21.952741119452,-2.48156455081303,-0.0403835406060587,-0.206797045901086,-0.712089246627019,-0.473447047129698,-1.49856241708704,-2.3,-2.24830418181818,,2.590386,1,,,,,,,,,,,,,,,,,,,,,,,,,,,,,,,,,,,,,,,"","J2VwaWtfcHl0aG9uJywgJy1waCcsICc3LjAwMDAwMCcsICctcGh0JywgJzIuMDAwMDAwJywgJy1tcycsICcxNicsICctdG4nLCAnOCcsICctbWEnLCAnMjAwJywgJy1tZXRhbF9iaW5kaW5nJywgJy1pbWFlJywgJzxpbmZpbGUubWFlPicsICctb21hZScsICc8b3V0ZmlsZS5tYWU+Jw==","W0NIM11bQ0gyXVtDSDJdW0NIMl1bQ0gyXUMoPU8pW0NIMl1bQ0gyXVtDSDJdW0NIXT1P","","grid","OPLS_2005","15-1","16_sdstereoexpander_1_neutralizer_1_epik_1_stereoizer_1","","","","","","","","vsw_run-LIGPREP-001-in.maegz","","","","","","","","","","","","","","","","","","","","16","16-1"
OCOC(=O)CCCCCCCOC,14,0,,1,,,,,,,,,,0,0,0,,190,24,295,11,64132,,15,,,,0,0,0,0,-0,-0,,,,,,,,,,,,,,,,,,,,-2.33868362767898,-14.8223590113829,,4.73665952682495,-74.0950393676758,-41.132990419679,7.09575021336466,-0.2,-26.3106314082961,-2.33868362767898,-0.419435212017339,-0.167048830548498,-0.642661935728899,-0.402611446331811,-1.55484221392472,-1.70488508388843,-2.01638590909091,,0.967164,1,,,,,,,,,,,,,,,,,,,,,,,,,,,,,,,,,,,,,,,"This compound has an ester and may undergo hydrolysis at high or low pH. This compound contains an acetal/aminal-like group ( X-CH(R)-Y where X, Y are N, S, or O) that may be acid/base labile, releasing an aldehyde.","J2VwaWtfcHl0aG9uJywgJy1waCcsICc3LjAwMDAwMCcsICctcGh0JywgJzIuMDAwMDAwJywgJy1tcycsICcxNicsICctdG4nLCAnOCcsICctbWEnLCAnMjAwJywgJy1tZXRhbF9iaW5kaW5nJywgJy1pbWFlJywgJzxpbmZpbGUubWFlPicsICctb21hZScsICc8b3V0ZmlsZS5tYWU+Jw==","W0NIM11PW0NIMl1bQ0gyXVtDSDJdW0NIMl1bQ0gyXVtDSDJdW0NIMl1DKD1PKU9bQ0gyXVtPSF0=","","grid","OPLS_2005","14-1","15_sdstereoexpander_1_neutralizer_1_epik_1_stereoizer_1","","","","","","","","vsw_run-LIGPREP-001-in.maegz","","","","","","","","","","","","","","","","","","","","15","15-1"
[NH3+]CCCCCC(=O)NC(=O)CCOC,7,0,,1,,,,,,,,,,1,1,0,,238,14,220,10,64132,,8,,,,0.000777459216296187,0.0004,0.0004,0,-0,0.0004,,,,,,,,,,,,,,,,,,,,-2.23078784064024,-8.477352759441,,5.84328937530518,-73.2994918823242,-33.0060071606498,5.68598402067165,-0.0167548858300379,-24.5286544012089,-2.23078784064024,0,-0.148719189376016,-0.601606698845971,-0.36677306019269,-1.17438138695981,-2.3,-1.92759995454545,,6.436172,0.999800029995501,,,,,,,,,,,,,,,,,,,,,,,,,,,,,,,,,,,,,,,"","J2VwaWtfcHl0aG9uJywgJy1waCcsICc3LjAwMDAwMCcsICctcGh0JywgJzIuMDAwMDAwJywgJy1tcycsICcxNicsICctdG4nLCAnOCcsICctbWEnLCAnMjAwJywgJy1tZXRhbF9iaW5kaW5nJywgJy1pbWFlJywgJzxpbmZpbGUubWFlPicsICctb21hZScsICc8b3V0ZmlsZS5tYWU+Jw==","W0NIM11PW0NIMl1bQ0gyXUMoPU8pW05IXUMoPU8pW0NIMl1bQ0gyXVtDSDJdW0NIMl1bQ0gyXVtOSDJd","","grid","OPLS_2005","7-1","8_sdstereoexpander_1_neutralizer_1_epik_1_stereoizer_1","","","","","","","","vsw_run-LIGPREP-001-in.maegz","","","","","","","","","","","","","","","","","","","","8","8-1"
O=CCCCCCCCCCC=O,6,0,,1,,,,,,,,,,0,0,0,,69,13,18,10,64132,,7,,,,0,0,0,0,-0,-0,,,,,,,,,,,,,,,,,,,,-1.67955973983128,-10.2192284631576,,5.95481538772583,-58.416805267334,-36.7111448744602,7.48307009936875,-0.1,-26.4919164113025,-1.67955973983128,-0.32,-0.129196903063945,-0.471131444354439,-0.303785159460619,-1.43248134007035,-2.3,-2.15266840909091,,2.722316,1,,,,,,,,,,,,,,,,,,,,,,,,,,,,,,,,,,,,,,,"","J2VwaWtfcHl0aG9uJywgJy1waCcsICc3LjAwMDAwMCcsICctcGh0JywgJzIuMDAwMDAwJywgJy1tcycsICcxNicsICctdG4nLCAnOCcsICctbWEnLCAnMjAwJywgJy1tZXRhbF9iaW5kaW5nJywgJy1pbWFlJywgJzxpbmZpbGUubWFlPicsICctb21hZScsICc8b3V0ZmlsZS5tYWU+Jw==","Tz1bQ0hdW0NIMl1bQ0gyXVtDSDJdW0NIMl1bQ0gyXVtDSDJdW0NIMl1bQ0gyXVtDSDJdW0NIXT1P","","grid","OPLS_2005","6-1","7_sdstereoexpander_1_neutralizer_1_epik_1_stereoizer_1","","","","","","","","vsw_run-LIGPREP-001-in.maegz","","","","","","","","","","","","","","","","","","","","7","7-1"
CCCCCCCCCC[NH2+]CCO,9,0,,1,,,,,,,,,,1,1,0,,352,16,160,12,64132,,10,,,,0.00523351085910528,0.0026,0.0026,0,-0,0.0026,,,,,,,,,,,,,,,,,,,,-1.67630178711036,-14.0314473971358,,5.16406917572021,-65.0540008544922,-33.0288428456272,8.00863434070267,-0.0288260303247388,-18.9973954484914,-1.67630178711036,-0.309634810175547,-0.119735841936454,-0.460641763862398,-0.288580412933794,-1.962503087136,-2.3,-2.02938531818182,,6.000704,,,,,,,,,,,,,,,,,,,,,,,,,,,,,,,,,,,,,,,,"","J2VwaWtfcHl0aG9uJywgJy1waCcsICc3LjAwMDAwMCcsICctcGh0JywgJzIuMDAwMDAwJywgJy1tcycsICcxNicsICctdG4nLCAnOCcsICctbWEnLCAnMjAwJywgJy1tZXRhbF9iaW5kaW5nJywgJy1pbWFlJywgJzxpbmZpbGUubWFlPicsICctb21hZScsICc8b3V0ZmlsZS5tYWU+Jw==","W0NIM11bQ0gyXVtDSDJdW0NIMl1bQ0gyXVtDSDJdW0NIMl1bQ0gyXVtDSDJdW0NIMl1bTkhdW0NIMl1bQ0gyXVtPSF0=","","grid","OPLS_2005","9-1","10_sdstereoexpander_1_neutralizer_1_epik_1_stereoizer_1","","","","","","","","vsw_run-LIGPREP-001-in.maegz","","","","","","","","","","","","","","","","","","","","10","10-1"
O=CCCCCCCCCCCCC,21,0,,1,,,,,,,,,,0,0,0,,342,33,124,11,64132,,22,,,,0,0,0,0,-0,-0,,,,,,,,,,,,,,,,,,,,-1.16969214517044,-7.26428985904914,,3.67882704734802,-55.283390045166,-32.8562736517317,7.45244513346132,-0.1,-25.5919837926826,-1.16969214517044,0,-0.0835494389407458,-0.321427237667099,-0.201366033762081,-1.73528071028354,-2.3,-2.11761389985672,,3.787304,1,,,,,,,,,,,,,,,,,,,,,,,,,,,,,,,,,,,,,,,"","J2VwaWtfcHl0aG9uJywgJy1waCcsICc3LjAwMDAwMCcsICctcGh0JywgJzIuMDAwMDAwJywgJy1tcycsICcxNicsICctdG4nLCAnOCcsICctbWEnLCAnMjAwJywgJy1tZXRhbF9iaW5kaW5nJywgJy1pbWFlJywgJzxpbmZpbGUubWFlPicsICctb21hZScsICc8b3V0ZmlsZS5tYWU+Jw==","W0NIM11bQ0gyXVtDSDJdW0NIMl1bQ0gyXVtDSDJdW0NIMl1bQ0gyXVtDSDJdW0NIMl1bQ0gyXVtDSDJdW0NIXT1P","","grid","OPLS_2005","21-1","22_sdstereoexpander_1_neutralizer_1_epik_1_stereoizer_1","","","","","","","","vsw_run-LIGPREP-001-in.maegz","","","","","","","","","","","","","","","","","","","","22","22-1"
OCC(=O)CCCCCCO,5,0,,1,,,,,,,,,,0,0,0,,11,12,141,9,64132,,6,,,,0,0,0,0,-0,-0,,,,,,,,,,,,,,,,,,,,-1.10676653225617,-20.6002963873458,,4.43485403060913,-74.9567413330078,-38.0520658186273,8.22766949711068,-0.1,-17.4517694312815,-1.10676653225617,-0.445015807947283,-0.100615139296016,-0.325721201920588,-0.223766066425341,-0.773548603310166,-1.80323868844345,-2.25,,2.159961,1,,,,,,,,,,,,,,,,,,,,,,,,,,,,,,,,,,,,,,,"","J2VwaWtfcHl0aG9uJywgJy1waCcsICc3LjAwMDAwMCcsICctcGh0JywgJzIuMDAwMDAwJywgJy1tcycsICcxNicsICctdG4nLCAnOCcsICctbWEnLCAnMjAwJywgJy1tZXRhbF9iaW5kaW5nJywgJy1pbWFlJywgJzxpbmZpbGUubWFlPicsICctb21hZScsICc8b3V0ZmlsZS5tYWU+Jw==","W09IXVtDSDJdQyg9TylbQ0gyXVtDSDJdW0NIMl1bQ0gyXVtDSDJdW0NIMl1bT0hd","","grid","OPLS_2005","5-1","6_sdstereoexpander_1_neutralizer_1_epik_1_stereoizer_1","","","","","","","","vsw_run-LIGPREP-001-in.maegz","","","","","","","","","","","","","","","","","","","","6","6-1"
CCCCCC(=O)CC(=O)CCC[NH2+]C,12,0,,1,,,,,,,,,,1,1,0,,164,22,185,10,64132,,13,,,,0.000360876080268332,0.0028,0.0004,0.0024,-0,-0,,,,,,,,,,,,,,,,,,,,-0.477275312014692,-8.28042239034948,,1.91913902759552,-59.4698104858398,-32.6775296718465,5.81883645094621,-0.1,-24.3971072814971,-0.477275312014692,-0.413477237755197,-0.0318183541343128,-0.128713282218462,-0.0784708090805307,-1.37292802985116,-0,-1.94778777272727,,4.944727,1,,,,,,,,,,,,,,,,,,,,,,,,,,,,,,,,,,,,,,,"","J2VwaWtfcHl0aG9uJywgJy1waCcsICc3LjAwMDAwMCcsICctcGh0JywgJzIuMDAwMDAwJywgJy1tcycsICcxNicsICctdG4nLCAnOCcsICctbWEnLCAnMjAwJywgJy1tZXRhbF9iaW5kaW5nJywgJy1pbWFlJywgJzxpbmZpbGUubWFlPicsICctb21hZScsICc8b3V0ZmlsZS5tYWU+Jw==","W0NIM11bQ0gyXVtDSDJdW0NIMl1bQ0gyXUMoPU8pW0NIMl1DKD1PKVtDSDJdW0NIMl1bQ0gyXVtOSF1bQ0gzXQ==","","grid","OPLS_2005","12-1","13_sdstereoexpander_1_neutralizer_1_epik_1_stereoizer_1","","","","","","","","vsw_run-LIGPREP-001-in.maegz","","","","","","","","","","","","","","","","","","","","13","13-1"
